{
  "boards": [
    {
      "id": "1",
      "name": "Plansza podstawowa",
      "createdAt": "2025-03-10T12:00:00.000Z",
      "updatedAt": "2025-03-24T20:12:55.350Z",
      "config": {
        "labelsUp": [
          "Podstawowa kordynacja",
          "Standaryzacja procesów",
          "Zintegrowane działania",
          "Pełna integracja strategiczna"
        ],
        "labelsRight": [
          "Nowicjusz",
          "Naśladowca",
          "Innowator",
          "Lider cyfrowy"
        ],
        "descriptionDown": "Poziom integracji wew/zew",
        "descriptionLeft": "Zawansowanie Cyfrowe",
        "rows": 8,
        "cols": 8,
        "borderColor": "#595959",
        "cellColor": "#fefae0",
        "borderColors": [
          "#008000",
          "#FFFF00",
          "#FFA500",
          "#FF0000"
        ],
        "margin": 40
      }
    },
    {
      "id": "2",
      "name": "Plansza zaawansowana",
      "createdAt": "2025-03-15T14:30:00.000Z",
      "updatedAt": "2025-03-18T09:45:00.000Z",
      "config": {
        "labelsUp": [
          "Etap początkowy",
          "Etap rozwinięty",
          "Etap zaawansowany",
          "Etap ekspercki",
          "Etap mistrzowski"
        ],
        "labelsRight": [
          "Poziom 1",
          "Poziom 2",
          "Poziom 3",
          "Poziom 4"
        ],
        "descriptionDown": "Etapy rozwoju kompetencji",
        "descriptionLeft": "Poziomy umiejętności",
        "rows": 8,
        "cols": 10,
        "borderColor": "#333333",
        "cellColor": "#f5f5f5",
        "borderColors": [
          "#3498db",
          "#2ecc71",
          "#f1c40f",
          "#e74c3c",
          "#9b59b6"
        ],
        "margin": 40
      }
    },
    {
      "id": "3",
      "name": "Mapa strategiczna",
      "createdAt": "2025-03-20T10:15:00.000Z",
      "updatedAt": "2025-03-24T20:14:10.695Z",
      "config": {
        "labelsUp": [
          "Analiza",
          "Planowanie",
          "Implementacja",
          "Kontrola",
          "test"
        ],
        "labelsRight": [
          "Strategia",
          "Taktyka",
          "Operacje",
          "test"
        ],
        "descriptionDown": "Etapy zarządzania",
        "descriptionLeft": "Poziomy zarządzania",
        "rows": 6,
        "cols": 8,
        "borderColor": "#444444",
        "cellColor": "#e0f7fa",
        "borderColors": [
          "#1abc9c",
          "#3498db",
          "#f39c12",
          "#e74c3c"
        ],
        "margin": 40
      }
    }
  ]
}